codigo;titulo;descricao;tipo;situacao;previsao_entrega;preco;condominio_mensal;iptu_anual;cidade;uf;bairro;latitude;longitude;raio_metros;quartos;suites;banheiros;vagas;area_util_m2;area_terreno_m2;caracteristicas;lazer;aceita_mcmv;aceita_fgts;aceita_sbpe;aceita_consorcio;aceita_permuta;entrada_facilitada;descricao_fotos;video_url;tour360_url;proximidades;destaque;status;corretor_id;exemplo;publicado_em;atualizado_em
CP-0001;Casa 2 quartos no Jardim Exemplo;"Casa de 2 quartos com 58 m² de área útil, localizada no bairro Jardim Exemplo. Tem sala, cozinha, banheiro social e área de serviço. O terreno tem 125 m². Imóvel usado, em bom estado de conservação; recomendamos visitar para conferir os detalhes. Destaques: cozinha americana, piso cerâmico, portão eletrônico. Perto de Parque Linear Demo a cerca de 380 m e Estação Modelo a cerca de 430 m. Aceita Minha Casa, Minha Vida, uso do FGTS, carta de consórcio contemplada, sujeito à análise de crédito.";casa;usado;;160000;;800;Cidade Exemplo;EX;Jardim Exemplo;-23,5402;-46,6492;400;2;0;1;1;58;125;cozinha americana | piso cerâmico | portão eletrônico | muro alto;;sim;sim;sim;sim;não;não;Ilustração da fachada térrea – Casa 2 quartos no Jardim Exemplo (CP-0001) | Ilustração da sala com sofá e janela ampla – CP-0001 | Ilustração da cozinha com armários e bancada – CP-0001 | Ilustração de quarto com cama de casal e janela – CP-0001 | Ilustração do banheiro com box de vidro – CP-0001 | Ilustração do quintal com área de serviço – CP-0001;;;lazer: Parque Linear Demo: 380 | transporte: Estação Modelo: 430 | saude: Posto de Saúde Exemplo Jardim: 550 | escola: EMEF Horizonte Fictício: 590 | mercado: Supermercado Demo: 710;sim;disponivel;corretor-exemplo;sim;2026-08-01;2026-09-20
CP-0002;Apartamento 2 quartos na planta no Parque das Flores Demo;Apartamento de 2 quartos com 44 m² de área útil, localizado no bairro Parque das Flores Demo. Tem sala integrada à cozinha, banheiro e área de serviço. Imóvel em lançamento: as condições de entrada e o cronograma de obra são informados pela construtora no contrato. Destaques: janelas amplas, varanda, interfone. O condomínio oferece salão de festas, playground, quadra, espaço pet. Perto de Padaria e Mercearia Modelo a cerca de 430 m e Terminal de ônibus Demo a cerca de 460 m. Aceita Minha Casa, Minha Vida, uso do FGTS, sujeito à análise de crédito.;apartamento;na_planta;2027-12;191000;240;450;Cidade Exemplo;EX;Parque das Flores Demo;-23,5612;-46,6179;400;2;0;1;1;44;;janelas amplas | varanda | interfone | portaria 24 horas;salão de festas | playground | quadra | espaço pet;sim;sim;sim;não;não;sim;Ilustração da fachada do prédio – Apartamento 2 quartos na planta no Parque das Flores Demo (CP-0002) | Ilustração da sala com sofá e janela ampla – CP-0002 | Ilustração da cozinha com armários e bancada – CP-0002 | Ilustração de quarto com cama de casal e janela – CP-0002 | Ilustração do banheiro com box de vidro – CP-0002 | Ilustração da área de lazer do condomínio com piscina e playground – CP-0002;;;mercado: Padaria e Mercearia Modelo: 430 | transporte: Terminal de ônibus Demo: 460 | escola: Escola Estadual Modelo: 690 | saude: Clínica da Família Modelo Parque: 740;sim;disponivel;corretor-exemplo;sim;2026-08-03;2026-09-20
CP-0003;Casa 2 quartos com quintal no Residencial Horizonte Demo;Casa de 2 quartos com 62 m² de área útil, localizada no bairro Residencial Horizonte Demo. Tem sala, cozinha, banheiro social e área de serviço. O terreno tem 150 m². Imóvel pronto para morar. Destaques: quintal, aquecedor solar, área de serviço coberta. Perto de Terminal de ônibus Demo a cerca de 270 m e UBS Demo Residencial a cerca de 400 m. Aceita Minha Casa, Minha Vida, uso do FGTS, carta de consórcio contemplada, sujeito à análise de crédito.;casa;pronto;;188000;;750;Cidade Exemplo;EX;Residencial Horizonte Demo;-23,568;-46,6428;400;2;0;1;1;62;150;quintal | aquecedor solar | área de serviço coberta | muro alto | lavanderia;;sim;sim;sim;sim;não;não;Ilustração da fachada térrea – Casa 2 quartos com quintal no Residencial Horizonte Demo (CP-0003) | Ilustração da sala com sofá e janela ampla – CP-0003 | Ilustração da cozinha com armários e bancada – CP-0003 | Ilustração de quarto com cama de casal e janela – CP-0003 | Ilustração do banheiro com box de vidro – CP-0003 | Ilustração do quintal com área de serviço – CP-0003;;;transporte: Terminal de ônibus Demo: 270 | saude: UBS Demo Residencial: 400 | mercado: Feira livre de sábado (exemplo): 700 | escola: Escola Municipal Exemplo: 730;não;disponivel;corretor-exemplo;sim;2026-08-05;2026-09-20
CP-0004;Apartamento 2 quartos com varanda no Jardim Exemplo;Apartamento de 2 quartos com 48 m² de área útil, localizado no bairro Jardim Exemplo. Tem sala integrada à cozinha, banheiro e área de serviço. Imóvel pronto para morar. Destaques: cozinha americana, piso cerâmico, elevador. O condomínio oferece bicicletário, salão de festas, quadra, churrasqueira, espaço pet. Perto de Estação Modelo a cerca de 80 m e Padaria e Mercearia Modelo a cerca de 190 m. Aceita Minha Casa, Minha Vida, uso do FGTS, carta de consórcio contemplada, sujeito à análise de crédito.;apartamento;pronto;;197000;300;680;Cidade Exemplo;EX;Jardim Exemplo;-23,5438;-46,6427;400;2;0;1;1;48;;cozinha americana | piso cerâmico | elevador | portaria 24 horas | varanda;bicicletário | salão de festas | quadra | churrasqueira | espaço pet;sim;sim;sim;sim;não;não;Ilustração da fachada do prédio – Apartamento 2 quartos com varanda no Jardim Exemplo (CP-0004) | Ilustração da sala com sofá e janela ampla – CP-0004 | Ilustração da cozinha com armários e bancada – CP-0004 | Ilustração de quarto com cama de casal e janela – CP-0004 | Ilustração do banheiro com box de vidro – CP-0004 | Ilustração da área de lazer do condomínio com piscina e playground – CP-0004;;;transporte: Estação Modelo: 80 | mercado: Padaria e Mercearia Modelo: 190 | lazer: Parque Linear Demo: 250 | escola: Creche Municipal Pequeno Demo: 290 | saude: Clínica da Família Modelo Jardim: 810;sim;disponivel;corretor-exemplo;sim;2026-08-07;2026-09-20
CP-0005;Casa em condomínio 2 quartos com quintal no Jardim Ipê Fictício;Casa em condomínio de 2 quartos com 64 m² de área útil, localizada no bairro Jardim Ipê Fictício. Tem sala, cozinha, banheiro social e área de serviço. O terreno tem 140 m². Imóvel pronto para morar. Destaques: quintal, área de serviço coberta, cozinha americana. O condomínio oferece quadra, bicicletário. Perto de Terminal de ônibus Demo a cerca de 100 m e Escola Estadual Modelo a cerca de 440 m. Aceita Minha Casa, Minha Vida, uso do FGTS, carta de consórcio contemplada, sujeito à análise de crédito.;casa_condominio;pronto;;235000;280;660;Cidade Exemplo;EX;Jardim Ipê Fictício;-23,5244;-46,6314;400;2;0;1;1;64;140;quintal | área de serviço coberta | cozinha americana | garagem coberta | muro alto | aquecedor solar;quadra | bicicletário;sim;sim;sim;sim;não;sim;Ilustração da fachada térrea – Casa em condomínio 2 quartos com quintal no Jardim Ipê Fictício (CP-0005) | Ilustração da sala com sofá e janela ampla – CP-0005 | Ilustração da cozinha com armários e bancada – CP-0005 | Ilustração de quarto com cama de casal e janela – CP-0005 | Ilustração do banheiro com box de vidro – CP-0005 | Ilustração da área de lazer do condomínio com piscina e playground – CP-0005;;;transporte: Terminal de ônibus Demo: 100 | escola: Escola Estadual Modelo: 440 | mercado: Mercado do Bairro (exemplo): 680 | saude: Clínica da Família Modelo Jardim: 910;sim;disponivel;corretor-exemplo;sim;2026-08-09;2026-09-20
CP-0006;Casa 3 quartos com quintal no Conjunto Esperança Demo;"Casa de 3 quartos com 78 m² de área útil, localizada no bairro Conjunto Esperança Demo. Tem sala, cozinha, banheiro social e área de serviço. O terreno tem 200 m². Imóvel usado, em bom estado de conservação; recomendamos visitar para conferir os detalhes. Destaques: aquecedor solar, janelas com grade, lavanderia. Perto de Escola Estadual Modelo a cerca de 220 m e Praça Exemplo a cerca de 250 m. Aceita uso do FGTS, sujeito à análise de crédito.";casa;usado;;202000;;760;Cidade Exemplo;EX;Conjunto Esperança Demo;-23,5501;-46,6016;400;3;1;2;2;78;200;aquecedor solar | janelas com grade | lavanderia | quintal | churrasqueira | piso cerâmico;;não;sim;sim;não;não;não;Ilustração da fachada térrea – Casa 3 quartos com quintal no Conjunto Esperança Demo (CP-0006) | Ilustração da sala com sofá e janela ampla – CP-0006 | Ilustração da cozinha com armários e bancada – CP-0006 | Ilustração de quarto com cama de casal e janela – CP-0006 | Ilustração do banheiro com box de vidro – CP-0006 | Ilustração do quintal com área de serviço – CP-0006;;;escola: Escola Estadual Modelo: 220 | lazer: Praça Exemplo: 250 | transporte: Ponto de ônibus (linha exemplo): 420 | mercado: Padaria e Mercearia Modelo: 590 | saude: Posto de Saúde Exemplo Conjunto: 1290;não;disponivel;corretor-exemplo;sim;2026-08-11;2026-09-20
CP-0007;Apartamento 2 quartos no Conjunto Esperança Demo;"Apartamento de 2 quartos com 46 m² de área útil, localizado no bairro Conjunto Esperança Demo. Tem sala integrada à cozinha, banheiro e área de serviço. Imóvel usado, em bom estado de conservação; recomendamos visitar para conferir os detalhes. Destaques: elevador, piso cerâmico, área de serviço. O condomínio oferece bicicletário, churrasqueira. Perto de Supermercado Demo a cerca de 130 m e Estação Modelo a cerca de 380 m.";apartamento;usado;;152000;250;260;Cidade Exemplo;EX;Conjunto Esperança Demo;-23,5502;-46,6016;400;2;0;1;1;46;;elevador | piso cerâmico | área de serviço | interfone | portaria 24 horas;bicicletário | churrasqueira;não;não;sim;não;sim;sim;Ilustração da fachada do prédio – Apartamento 2 quartos no Conjunto Esperança Demo (CP-0007) | Ilustração da sala com sofá e janela ampla – CP-0007 | Ilustração da cozinha com armários e bancada – CP-0007 | Ilustração de quarto com cama de casal e janela – CP-0007 | Ilustração do banheiro com box de vidro – CP-0007 | Ilustração da área de lazer do condomínio com piscina e playground – CP-0007;;;mercado: Supermercado Demo: 130 | transporte: Estação Modelo: 380 | escola: Escola Estadual Modelo: 410 | saude: UBS Demo Conjunto: 730 | lazer: Centro Esportivo Modelo: 740;não;disponivel;corretor-exemplo;sim;2026-08-13;2026-09-20
CP-0008;Casa 2 quartos na planta no Residencial Horizonte Demo;Casa de 2 quartos com 55 m² de área útil, localizada no bairro Residencial Horizonte Demo. Tem sala, cozinha, banheiro social e área de serviço. O terreno tem 125 m². Imóvel em lançamento: as condições de entrada e o cronograma de obra são informados pela construtora no contrato. Destaques: portão eletrônico, churrasqueira, aquecedor solar. Perto de Padaria e Mercearia Modelo a cerca de 200 m e Terminal de ônibus Demo a cerca de 360 m. Aceita Minha Casa, Minha Vida, uso do FGTS, sujeito à análise de crédito.;casa;na_planta;2028-03;169000;;600;Cidade Exemplo;EX;Residencial Horizonte Demo;-23,5665;-46,6485;400;2;0;1;1;55;125;portão eletrônico | churrasqueira | aquecedor solar | garagem coberta;;sim;sim;sim;não;não;sim;Ilustração da fachada térrea – Casa 2 quartos na planta no Residencial Horizonte Demo (CP-0008) | Ilustração da sala com sofá e janela ampla – CP-0008 | Ilustração da cozinha com armários e bancada – CP-0008 | Ilustração de quarto com cama de casal e janela – CP-0008 | Ilustração do banheiro com box de vidro – CP-0008 | Ilustração do quintal com área de serviço – CP-0008;;;mercado: Padaria e Mercearia Modelo: 200 | transporte: Terminal de ônibus Demo: 360 | escola: Escola Municipal Exemplo: 640 | lazer: Parque Linear Demo: 830 | saude: UBS Demo Residencial: 1250;sim;disponivel;corretor-exemplo;sim;2026-08-15;2026-09-20
CP-0009;Duplex 2 quartos no Parque das Flores Demo;Duplex de 2 quartos com 72 m² de área útil, localizado no bairro Parque das Flores Demo. Tem sala, cozinha, banheiro social e área de serviço. Imóvel pronto para morar. Destaques: cozinha americana, lavanderia, churrasqueira. Perto de Estação Modelo a cerca de 130 m e Escola Municipal Exemplo a cerca de 240 m. Aceita Minha Casa, Minha Vida, uso do FGTS, carta de consórcio contemplada, sujeito à análise de crédito.;duplex;pronto;;273000;;310;Cidade Exemplo;EX;Parque das Flores Demo;-23,563;-46,6186;400;2;0;1;1;72;;cozinha americana | lavanderia | churrasqueira | garagem coberta;;sim;sim;sim;sim;não;não;Ilustração da fachada de dois andares – Duplex 2 quartos no Parque das Flores Demo (CP-0009) | Ilustração da sala com sofá e janela ampla – CP-0009 | Ilustração da cozinha com armários e bancada – CP-0009 | Ilustração de quarto com cama de casal e janela – CP-0009 | Ilustração do banheiro com box de vidro – CP-0009 | Ilustração do quintal com área de serviço – CP-0009;;;transporte: Estação Modelo: 130 | escola: Escola Municipal Exemplo: 240 | mercado: Padaria e Mercearia Modelo: 440 | saude: Posto de Saúde Exemplo Parque: 730 | lazer: Praça Exemplo: 1050;não;disponivel;corretor-exemplo;sim;2026-08-17;2026-09-20
CP-0010;Apartamento 2 quartos na Vila Modelo;Apartamento de 2 quartos com 50 m² de área útil, localizado no bairro Vila Modelo. Tem sala integrada à cozinha, banheiro e área de serviço. Imóvel em lançamento: as condições de entrada e o cronograma de obra são informados pela construtora no contrato. Destaques: piso laminado nos quartos, piso cerâmico, elevador. O condomínio oferece academia ao ar livre, churrasqueira, quadra. Perto de Terminal de ônibus Demo a cerca de 80 m e Supermercado Demo a cerca de 530 m. Aceita Minha Casa, Minha Vida, uso do FGTS, carta de consórcio contemplada, sujeito à análise de crédito.;apartamento;em_construcao;2027-03;235000;330;540;Cidade Exemplo;EX;Vila Modelo;-23,5363;-46,6161;400;2;0;1;1;50;;piso laminado nos quartos | piso cerâmico | elevador | cozinha americana | área de serviço | medidor de água individual;academia ao ar livre | churrasqueira | quadra;sim;sim;sim;sim;não;sim;Ilustração da fachada do prédio – Apartamento 2 quartos na Vila Modelo (CP-0010) | Ilustração da sala com sofá e janela ampla – CP-0010 | Ilustração da cozinha com armários e bancada – CP-0010 | Ilustração de quarto com cama de casal e janela – CP-0010 | Ilustração do banheiro com box de vidro – CP-0010 | Ilustração da área de lazer do condomínio com piscina e playground – CP-0010;;;transporte: Terminal de ônibus Demo: 80 | mercado: Supermercado Demo: 530 | escola: Escola Municipal Exemplo: 700 | lazer: Centro Esportivo Modelo: 1040 | saude: UBS Demo Vila: 1400;não;disponivel;corretor-exemplo;sim;2026-08-19;2026-09-20
CP-0011;Casa 1 quarto no Conjunto Esperança Demo;"Casa de 1 quarto com 50 m² de área útil, localizada no bairro Conjunto Esperança Demo. Tem sala, cozinha, banheiro social e área de serviço. O terreno tem 100 m². Imóvel usado, em bom estado de conservação; recomendamos visitar para conferir os detalhes. Destaques: área de serviço coberta, churrasqueira, muro alto. Perto de Terminal de ônibus Demo a cerca de 100 m e Escola Municipal Exemplo a cerca de 350 m. Aceita Minha Casa, Minha Vida, uso do FGTS, sujeito à análise de crédito.";casa;usado;;150000;;660;Cidade Exemplo;EX;Conjunto Esperança Demo;-23,5496;-46,6003;400;1;0;1;0;50;100;área de serviço coberta | churrasqueira | muro alto | piso cerâmico | cozinha americana | portão eletrônico;;sim;sim;sim;não;sim;não;Ilustração da fachada térrea – Casa 1 quarto no Conjunto Esperança Demo (CP-0011) | Ilustração da sala com sofá e janela ampla – CP-0011 | Ilustração da cozinha com armários e bancada – CP-0011 | Ilustração de quarto com cama de casal e janela – CP-0011 | Ilustração do banheiro com box de vidro – CP-0011 | Ilustração do quintal com área de serviço – CP-0011;;;transporte: Terminal de ônibus Demo: 100 | escola: Escola Municipal Exemplo: 350 | mercado: Supermercado Demo: 390 | saude: Posto de Saúde Exemplo Conjunto: 490 | lazer: Centro Esportivo Modelo: 650;não;disponivel;corretor-exemplo;sim;2026-08-21;2026-09-20
CP-0012;Sobrado 3 quartos com quintal na Vila Modelo;Sobrado de 3 quartos com 90 m² de área útil, localizado no bairro Vila Modelo. Tem sala, cozinha, banheiro social e área de serviço. O terreno tem 180 m². Imóvel pronto para morar. Destaques: quintal, cozinha americana, piso cerâmico. Perto de Estação Modelo a cerca de 90 m e Padaria e Mercearia Modelo a cerca de 130 m. Aceita uso do FGTS, sujeito à análise de crédito.;sobrado;pronto;;420000;;430;Cidade Exemplo;EX;Vila Modelo;-23,5339;-46,618;400;3;1;2;2;90;180;quintal | cozinha americana | piso cerâmico | garagem coberta | área de serviço coberta;;não;sim;sim;não;não;não;Ilustração da fachada de dois andares – Sobrado 3 quartos com quintal na Vila Modelo (CP-0012) | Ilustração da sala com sofá e janela ampla – CP-0012 | Ilustração da cozinha com armários e bancada – CP-0012 | Ilustração de quarto com cama de casal e janela – CP-0012 | Ilustração do banheiro com box de vidro – CP-0012 | Ilustração do quintal com área de serviço – CP-0012;;;transporte: Estação Modelo: 90 | mercado: Padaria e Mercearia Modelo: 130 | escola: Creche Municipal Pequeno Demo: 610 | lazer: Centro Esportivo Modelo: 940 | saude: UBS Demo Vila: 1120;sim;disponivel;corretor-exemplo;sim;2026-08-23;2026-09-20
CP-0013;Apartamento 3 quartos na planta no Jardim Ipê Fictício;Apartamento de 3 quartos com 58 m² de área útil, localizado no bairro Jardim Ipê Fictício. Tem sala integrada à cozinha, banheiro e área de serviço. Imóvel em lançamento: as condições de entrada e o cronograma de obra são informados pela construtora no contrato. Destaques: área de serviço, piso cerâmico, portaria 24 horas. O condomínio oferece piscina, academia ao ar livre, espaço pet. Perto de Escola Estadual Modelo a cerca de 250 m e Estação Modelo a cerca de 350 m. Aceita Minha Casa, Minha Vida, uso do FGTS, carta de consórcio contemplada, sujeito à análise de crédito.;apartamento;na_planta;2028-06;251000;220;860;Cidade Exemplo;EX;Jardim Ipê Fictício;-23,5278;-46,6333;400;3;1;1;1;58;;área de serviço | piso cerâmico | portaria 24 horas | cozinha americana;piscina | academia ao ar livre | espaço pet;sim;sim;sim;sim;não;sim;Ilustração da fachada do prédio – Apartamento 3 quartos na planta no Jardim Ipê Fictício (CP-0013) | Ilustração da sala com sofá e janela ampla – CP-0013 | Ilustração da cozinha com armários e bancada – CP-0013 | Ilustração de quarto com cama de casal e janela – CP-0013 | Ilustração do banheiro com box de vidro – CP-0013 | Ilustração da área de lazer do condomínio com piscina e playground – CP-0013;;;escola: Escola Estadual Modelo: 250 | transporte: Estação Modelo: 350 | saude: UBS Demo Jardim: 440 | mercado: Mercado do Bairro (exemplo): 640 | lazer: Centro Esportivo Modelo: 1050;não;disponivel;corretor-exemplo;sim;2026-08-25;2026-09-20
CP-0014;Casa 3 quartos com quintal no Jardim Exemplo;Casa de 3 quartos com 70 m² de área útil, localizada no bairro Jardim Exemplo. Tem sala, cozinha, banheiro social e área de serviço. O terreno tem 160 m². Imóvel pronto para morar. Destaques: quintal, garagem coberta, aquecedor solar. Perto de Mercado do Bairro (exemplo) a cerca de 130 m e Estação Modelo a cerca de 430 m. Aceita Minha Casa, Minha Vida, uso do FGTS, sujeito à análise de crédito.;casa;pronto;;219000;;640;Cidade Exemplo;EX;Jardim Exemplo;-23,5379;-46,6425;400;3;1;1;1;70;160;quintal | garagem coberta | aquecedor solar | área de serviço coberta | portão eletrônico | janelas com grade | piso cerâmico;;sim;sim;sim;não;não;não;Ilustração da fachada térrea – Casa 3 quartos com quintal no Jardim Exemplo (CP-0014) | Ilustração da sala com sofá e janela ampla – CP-0014 | Ilustração da cozinha com armários e bancada – CP-0014 | Ilustração de quarto com cama de casal e janela – CP-0014 | Ilustração do banheiro com box de vidro – CP-0014 | Ilustração do quintal com área de serviço – CP-0014;;;mercado: Mercado do Bairro (exemplo): 130 | transporte: Estação Modelo: 430 | lazer: Centro Esportivo Modelo: 540 | escola: Escola Estadual Modelo: 900 | saude: UBS Demo Jardim: 1090;não;reservado;corretor-exemplo;sim;2026-08-27;2026-09-20
CP-0015;Casa em condomínio 2 quartos na planta no Residencial Horizonte Demo;Casa em condomínio de 2 quartos com 56 m² de área útil, localizada no bairro Residencial Horizonte Demo. Tem sala, cozinha, banheiro social e área de serviço. O terreno tem 120 m². Imóvel em lançamento: as condições de entrada e o cronograma de obra são informados pela construtora no contrato. Destaques: aquecedor solar, janelas com grade, lavanderia. O condomínio oferece playground, salão de festas. Perto de Terminal de ônibus Demo a cerca de 150 m e Mercado do Bairro (exemplo) a cerca de 200 m. Aceita Minha Casa, Minha Vida, uso do FGTS, sujeito à análise de crédito.;casa_condominio;na_planta;2028-06;199000;190;600;Cidade Exemplo;EX;Residencial Horizonte Demo;-23,5673;-46,6435;400;2;0;1;1;56;120;aquecedor solar | janelas com grade | lavanderia | quintal | muro alto;playground | salão de festas;sim;sim;sim;não;não;sim;Ilustração da fachada térrea – Casa em condomínio 2 quartos na planta no Residencial Horizonte Demo (CP-0015) | Ilustração da sala com sofá e janela ampla – CP-0015 | Ilustração da cozinha com armários e bancada – CP-0015 | Ilustração de quarto com cama de casal e janela – CP-0015 | Ilustração do banheiro com box de vidro – CP-0015 | Ilustração da área de lazer do condomínio com piscina e playground – CP-0015;;;transporte: Terminal de ônibus Demo: 150 | mercado: Mercado do Bairro (exemplo): 200 | escola: Escola Estadual Modelo: 260 | lazer: Centro Esportivo Modelo: 440 | saude: Clínica da Família Modelo Residencial: 1490;não;disponivel;corretor-exemplo;sim;2026-08-29;2026-09-20
CP-0016;Apartamento 1 quarto com varanda na Vila Modelo;Apartamento de 1 quarto com 41 m² de área útil, localizado no bairro Vila Modelo. Tem sala integrada à cozinha, banheiro e área de serviço. Imóvel pronto para morar. Destaques: varanda, piso laminado nos quartos, medidor de água individual. O condomínio oferece quadra, churrasqueira, salão de festas. Perto de Terminal de ônibus Demo a cerca de 90 m e Supermercado Demo a cerca de 480 m. Aceita Minha Casa, Minha Vida, sujeito à análise de crédito.;apartamento;pronto;;190000;260;370;Cidade Exemplo;EX;Vila Modelo;-23,5327;-46,6218;400;1;0;1;0;41;;varanda | piso laminado nos quartos | medidor de água individual | piso cerâmico | cozinha americana | área de serviço;quadra | churrasqueira | salão de festas;sim;não;sim;não;não;sim;Ilustração da fachada do prédio – Apartamento 1 quarto com varanda na Vila Modelo (CP-0016) | Ilustração da sala com sofá e janela ampla – CP-0016 | Ilustração da cozinha com armários e bancada – CP-0016 | Ilustração de quarto com cama de casal e janela – CP-0016 | Ilustração do banheiro com box de vidro – CP-0016 | Ilustração da área de lazer do condomínio com piscina e playground – CP-0016;;;transporte: Terminal de ônibus Demo: 90 | mercado: Supermercado Demo: 480 | lazer: Praça Exemplo: 550 | escola: Escola Municipal Exemplo: 780 | saude: Posto de Saúde Exemplo Vila: 830;não;disponivel;corretor-exemplo;sim;2026-08-31;2026-09-20
CP-0017;Casa 2 quartos com quintal no Parque das Flores Demo;"Casa de 2 quartos com 66 m² de área útil, localizada no bairro Parque das Flores Demo. Tem sala, cozinha, banheiro social e área de serviço. O terreno tem 175 m². Imóvel usado, em bom estado de conservação; recomendamos visitar para conferir os detalhes. Destaques: quintal, garagem coberta, área de serviço coberta. Perto de Padaria e Mercearia Modelo a cerca de 120 m e ponto de ônibus a cerca de 340 m. Aceita uso do FGTS, carta de consórcio contemplada, sujeito à análise de crédito.";casa;usado;;201000;;370;Cidade Exemplo;EX;Parque das Flores Demo;-23,5633;-46,6231;400;2;0;1;1;66;175;quintal | garagem coberta | área de serviço coberta | aquecedor solar | piso cerâmico | churrasqueira | janelas com grade;;não;sim;sim;sim;sim;não;Ilustração da fachada térrea – Casa 2 quartos com quintal no Parque das Flores Demo (CP-0017) | Ilustração da sala com sofá e janela ampla – CP-0017 | Ilustração da cozinha com armários e bancada – CP-0017 | Ilustração de quarto com cama de casal e janela – CP-0017 | Ilustração do banheiro com box de vidro – CP-0017 | Ilustração do quintal com área de serviço – CP-0017;;;mercado: Padaria e Mercearia Modelo: 120 | transporte: Ponto de ônibus (linha exemplo): 340 | saude: UBS Demo Parque: 550 | lazer: Praça Exemplo: 560 | escola: Escola Municipal Exemplo: 600;sim;disponivel;corretor-exemplo;sim;2026-09-02;2026-09-20
CP-0018;Duplex 3 quartos com quintal no Jardim Ipê Fictício;"Duplex de 3 quartos com 86 m² de área útil, localizado no bairro Jardim Ipê Fictício. Tem sala, cozinha, banheiro social e área de serviço. Imóvel usado, em bom estado de conservação; recomendamos visitar para conferir os detalhes. Destaques: área de serviço coberta, muro alto, quintal. Perto de Posto de Saúde Exemplo Jardim a cerca de 320 m e Escola Municipal Exemplo a cerca de 380 m. Aceita uso do FGTS, sujeito à análise de crédito.";duplex;usado;;280000;;550;Cidade Exemplo;EX;Jardim Ipê Fictício;-23,5236;-46,6367;400;3;1;2;2;86;;área de serviço coberta | muro alto | quintal | janelas com grade | piso cerâmico | garagem coberta;;não;sim;sim;não;sim;não;Ilustração da fachada de dois andares – Duplex 3 quartos com quintal no Jardim Ipê Fictício (CP-0018) | Ilustração da sala com sofá e janela ampla – CP-0018 | Ilustração da cozinha com armários e bancada – CP-0018 | Ilustração de quarto com cama de casal e janela – CP-0018 | Ilustração do banheiro com box de vidro – CP-0018 | Ilustração do quintal com área de serviço – CP-0018;;;saude: Posto de Saúde Exemplo Jardim: 320 | escola: Escola Municipal Exemplo: 380 | transporte: Ponto de ônibus (linha exemplo): 460 | mercado: Supermercado Demo: 600 | lazer: Parque Linear Demo: 950;não;disponivel;corretor-exemplo;sim;2026-09-04;2026-09-20
CP-0019;Apartamento 2 quartos no Residencial Horizonte Demo;"Apartamento de 2 quartos com 52 m² de área útil, localizado no bairro Residencial Horizonte Demo. Tem sala integrada à cozinha, banheiro e área de serviço. Imóvel usado, em bom estado de conservação; recomendamos visitar para conferir os detalhes. Destaques: medidor de água individual, piso laminado nos quartos, área de serviço. O condomínio oferece academia ao ar livre, bicicletário, quadra, piscina, churrasqueira. Perto de Padaria e Mercearia Modelo a cerca de 190 m e ponto de ônibus a cerca de 190 m. Aceita Minha Casa, Minha Vida, uso do FGTS, carta de consórcio contemplada, sujeito à análise de crédito.";apartamento;usado;;175000;240;620;Cidade Exemplo;EX;Residencial Horizonte Demo;-23,57;-46,6413;400;2;0;1;1;52;;medidor de água individual | piso laminado nos quartos | área de serviço | interfone;academia ao ar livre | bicicletário | quadra | piscina | churrasqueira;sim;sim;sim;sim;sim;não;Ilustração da fachada do prédio – Apartamento 2 quartos no Residencial Horizonte Demo (CP-0019) | Ilustração da sala com sofá e janela ampla – CP-0019 | Ilustração da cozinha com armários e bancada – CP-0019 | Ilustração de quarto com cama de casal e janela – CP-0019 | Ilustração do banheiro com box de vidro – CP-0019 | Ilustração da área de lazer do condomínio com piscina e playground – CP-0019;;;mercado: Padaria e Mercearia Modelo: 190 | transporte: Ponto de ônibus (linha exemplo): 190 | escola: Escola Estadual Modelo: 250 | lazer: Parque Linear Demo: 990 | saude: UBS Demo Residencial: 1270;não;disponivel;corretor-exemplo;sim;2026-09-06;2026-09-20
CP-0020;Casa 3 quartos na planta no Jardim Ipê Fictício;Casa de 3 quartos com 72 m² de área útil, localizada no bairro Jardim Ipê Fictício. Tem sala, cozinha, banheiro social e área de serviço. O terreno tem 150 m². Imóvel em lançamento: as condições de entrada e o cronograma de obra são informados pela construtora no contrato. Destaques: quintal, garagem coberta, aquecedor solar. Perto de Praça Exemplo a cerca de 410 m e ponto de ônibus a cerca de 440 m. Aceita Minha Casa, Minha Vida, uso do FGTS, sujeito à análise de crédito.;casa;na_planta;2028-06;247000;;750;Cidade Exemplo;EX;Jardim Ipê Fictício;-23,5223;-46,6339;400;3;1;1;2;72;150;quintal | garagem coberta | aquecedor solar | janelas com grade | cozinha americana | churrasqueira | piso cerâmico;;sim;sim;sim;não;não;sim;Ilustração da fachada térrea – Casa 3 quartos na planta no Jardim Ipê Fictício (CP-0020) | Ilustração da sala com sofá e janela ampla – CP-0020 | Ilustração da cozinha com armários e bancada – CP-0020 | Ilustração de quarto com cama de casal e janela – CP-0020 | Ilustração do banheiro com box de vidro – CP-0020 | Ilustração do quintal com área de serviço – CP-0020;;;lazer: Praça Exemplo: 410 | transporte: Ponto de ônibus (linha exemplo): 440 | escola: Creche Municipal Pequeno Demo: 450 | saude: UBS Demo Jardim: 530 | mercado: Padaria e Mercearia Modelo: 630;não;disponivel;corretor-exemplo;sim;2026-09-08;2026-09-20
CP-0021;Casa em condomínio 3 quartos com quintal na Vila Modelo;Casa em condomínio de 3 quartos com 82 m² de área útil, localizada no bairro Vila Modelo. Tem sala, cozinha, banheiro social e área de serviço. O terreno tem 180 m². Imóvel pronto para morar. Destaques: cozinha americana, portão eletrônico, lavanderia. O condomínio oferece piscina, playground. Perto de Estação Modelo a cerca de 110 m e Padaria e Mercearia Modelo a cerca de 250 m. Aceita Minha Casa, Minha Vida, uso do FGTS, sujeito à análise de crédito.;casa_condominio;pronto;;341000;200;280;Cidade Exemplo;EX;Vila Modelo;-23,5377;-46,6163;400;3;1;2;2;82;180;cozinha americana | portão eletrônico | lavanderia | churrasqueira | quintal | janelas com grade;piscina | playground;sim;sim;sim;não;não;sim;Ilustração da fachada térrea – Casa em condomínio 3 quartos com quintal na Vila Modelo (CP-0021) | Ilustração da sala com sofá e janela ampla – CP-0021 | Ilustração da cozinha com armários e bancada – CP-0021 | Ilustração de quarto com cama de casal e janela – CP-0021 | Ilustração do banheiro com box de vidro – CP-0021 | Ilustração da área de lazer do condomínio com piscina e playground – CP-0021;;;transporte: Estação Modelo: 110 | mercado: Padaria e Mercearia Modelo: 250 | escola: Creche Municipal Pequeno Demo: 270 | saude: Posto de Saúde Exemplo Vila: 580;não;disponivel;corretor-exemplo;sim;2026-09-10;2026-09-20
CP-0022;Casa 2 quartos no Parque das Flores Demo;"Casa de 2 quartos com 54 m² de área útil, localizada no bairro Parque das Flores Demo. Tem sala, cozinha, banheiro social e área de serviço. O terreno tem 110 m². Imóvel usado, em bom estado de conservação; recomendamos visitar para conferir os detalhes. Destaques: churrasqueira, área de serviço coberta, piso cerâmico. Perto de Terminal de ônibus Demo a cerca de 210 m e Escola Estadual Modelo a cerca de 450 m. Aceita Minha Casa, Minha Vida, uso do FGTS, sujeito à análise de crédito.";casa;usado;;157000;;640;Cidade Exemplo;EX;Parque das Flores Demo;-23,5589;-46,6191;400;2;0;1;1;54;110;churrasqueira | área de serviço coberta | piso cerâmico | aquecedor solar | cozinha americana;;sim;sim;sim;não;não;não;Ilustração da fachada térrea – Casa 2 quartos no Parque das Flores Demo (CP-0022) | Ilustração da sala com sofá e janela ampla – CP-0022 | Ilustração da cozinha com armários e bancada – CP-0022 | Ilustração de quarto com cama de casal e janela – CP-0022 | Ilustração do banheiro com box de vidro – CP-0022 | Ilustração do quintal com área de serviço – CP-0022;;;transporte: Terminal de ônibus Demo: 210 | escola: Escola Estadual Modelo: 450 | mercado: Supermercado Demo: 480 | saude: Posto de Saúde Exemplo Parque: 650;não;vendido;corretor-exemplo;sim;2026-09-12;2026-09-20
CP-0023;Apartamento 2 quartos na planta no Conjunto Esperança Demo;Apartamento de 2 quartos com 47 m² de área útil, localizado no bairro Conjunto Esperança Demo. Tem sala integrada à cozinha, banheiro e área de serviço. Imóvel em lançamento: as condições de entrada e o cronograma de obra são informados pela construtora no contrato. Destaques: portaria 24 horas, interfone, área de serviço. O condomínio oferece espaço pet, playground, piscina, salão de festas. Perto de ponto de ônibus a cerca de 470 m e Padaria e Mercearia Modelo a cerca de 730 m. Aceita Minha Casa, Minha Vida, uso do FGTS, sujeito à análise de crédito.;apartamento;na_planta;2027-12;176000;180;520;Cidade Exemplo;EX;Conjunto Esperança Demo;-23,5492;-46,6005;400;2;0;1;1;47;;portaria 24 horas | interfone | área de serviço | varanda | elevador;espaço pet | playground | piscina | salão de festas;sim;sim;sim;não;não;sim;Ilustração da fachada do prédio – Apartamento 2 quartos na planta no Conjunto Esperança Demo (CP-0023) | Ilustração da sala com sofá e janela ampla – CP-0023 | Ilustração da cozinha com armários e bancada – CP-0023 | Ilustração de quarto com cama de casal e janela – CP-0023 | Ilustração do banheiro com box de vidro – CP-0023 | Ilustração da área de lazer do condomínio com piscina e playground – CP-0023;;;transporte: Ponto de ônibus (linha exemplo): 470 | mercado: Padaria e Mercearia Modelo: 730 | escola: Escola Municipal Exemplo: 830 | lazer: Praça Exemplo: 960 | saude: UBS Demo Conjunto: 1260;sim;disponivel;corretor-exemplo;sim;2026-09-14;2026-09-20
CP-0024;Casa 3 quartos com quintal na Vila Modelo;Casa de 3 quartos com 88 m² de área útil, localizada no bairro Vila Modelo. Tem sala, cozinha, banheiro social e área de serviço. O terreno tem 240 m². Imóvel pronto para morar. Destaques: quintal, janelas com grade, lavanderia. Perto de Terminal de ônibus Demo a cerca de 140 m e UBS Demo Vila a cerca de 600 m. Aceita Minha Casa, Minha Vida, uso do FGTS, sujeito à análise de crédito.;casa;pronto;;340000;;430;Cidade Exemplo;EX;Vila Modelo;-23,5386;-46,6216;400;3;1;2;2;88;240;quintal | janelas com grade | lavanderia | muro alto | piso cerâmico | área de serviço coberta;;sim;sim;sim;não;não;não;Ilustração da fachada térrea – Casa 3 quartos com quintal na Vila Modelo (CP-0024) | Ilustração da sala com sofá e janela ampla – CP-0024 | Ilustração da cozinha com armários e bancada – CP-0024 | Ilustração de quarto com cama de casal e janela – CP-0024 | Ilustração do banheiro com box de vidro – CP-0024 | Ilustração do quintal com área de serviço – CP-0024;;;transporte: Terminal de ônibus Demo: 140 | saude: UBS Demo Vila: 600 | mercado: Supermercado Demo: 620 | escola: Creche Municipal Pequeno Demo: 720 | lazer: Praça Exemplo: 1020;não;disponivel;corretor-exemplo;sim;2026-09-16;2026-09-20
